No,Keyword,Search Volume,CPC,Paid Difficulty,Search Difficulty,Keep
1,how to install docker,720,1.85,1,91,y
2,how to install docker on windows 10,260,5.1,1,41,
3,how to install docker on mac,260,0,1,5,
4,how to install docker compose,210,0,1,58,
5,how to install docker on linux,140,0,1,43,y
6,how to install docker on centos 7,90,0,1,6,
7,how to install docker ubuntu,90,0,1,5,y
8,how to install docker on raspberry pi,90,0,1,55,y
9,how to install docker in ubuntu,70,0,1,6,y
10,how to install docker on centos,70,0,1,5,
11,how to install docker on windows,50,0.83,1,72,
12,how to install docker linux,50,0,1,5,y
13,how to install docker image,50,0,1,77,
14,how to install docker mac,40,0,6,8,
15,how to install docker on windows 10 home,40,0,2,66,
16,how to install docker compose on centos 7,30,0,1,5,
17,how to install docker on debian,30,0,1,5,
18,how to install docker in linux,30,0,2,74,y
19,how to install docker in mac,30,0,1,5,
20,how to install docker on windows server 2016,30,0,2,66,
21,how to install docker in windows,30,0,1,72,
22,ubuntu how to install docker,20,0,1,5,y
23,how to install docker on redhat,20,0,1,5,
24,how to install docker on windows 7,20,0,1,5,
25,how to install docker in windows 10,20,0,1,66,
26,how to install docker on kali linux,20,0,1,5,
27,how to install docker centos 7,20,0,1,5,
28,how to install docker in centos,20,0,1,5,
29,how to install docker on amazon linux,20,0,1,6,
30,how to install docker container,20,0,1,5,
31,how to install docker for windows,20,0,1,5,
32,how to install docker on windows 10 enterprise,10,0,1,5,
33,how to install docker registry,10,0,1,5,
34,how to install docker raspberry pi,10,0,4,7,
35,how to install docker in amazon linux,10,0,1,5,
36,how to install docker on linux machine,10,0,1,73,
37,how to install docker on windows 10 home edition,10,0,2,6,
38,how to install docker in rhel 8,10,0,4,7,
39,how to install docker registry on centos 7,10,0,4,7,
40,how to install docker in jenkins,10,0,1,5,
41,how to install docker machine on windows 10,10,0,1,67,
42,how to install docker windows,10,0,1,5,
43,how to install docker on debian 9,10,0,1,5,
44,how to install docker on windows home,10,0,1,5,
45,how to install docker on windows server,10,0,1,6,
46,how to install docker on redhat 6,10,0,1,5,
47,how to install docker container in centos 7,10,0,1,5,
48,how to install docker for mac,10,0,1,5,
49,how to install docker in visual studio code,10,0,1,5,
50,how to install docker on debian 10,10,0,3,7,
51,how to install docker container in linux,10,0,1,5,
52,how to install docker swarm on ubuntu,10,0,1,5,
53,how to install docker centos,10,0,1,5,
54,how to install docker in centos 7 step by step,10,0,1,5,
55,how to install docker on windows server 2019,10,0,1,5,
56,how to install docker linux mint,10,0,1,5,
57,how to install docker compose on centos,10,0,1,5,
58,how to install docker windows 10,10,0,1,5,
59,how to install docker ce on centos 8,10,0,2,6,
60,how to install docker toolbox on windows,10,0,1,5,
61,how to install docker debian,10,0,1,5,
62,how to install docker on synology,10,0,1,5,
63,how to install docker for linux,10,0,1,5,
64,how to install docker on aws ec2 instance,10,0,1,5,
65,how to install docker on kali linux 2019,10,0,1,5,
66,how to install docker ce on centos 7,10,0,1,5,
67,how to install docker in centos 7,10,0,1,5,
68,how to install docker on aws,10,0,1,5,
69,how to install docker for windows 7,10,0,1,5,
70,how to install docker and kubernetes on ubuntu,10,3.36,33,15,
71,how to install docker on windows 10 step by step,10,0,1,5,
72,how to install docker and kubernetes on centos 7,10,0,14,10,
73,how to install docker on debian 8,10,0,1,5,
74,how to install docker swarm,10,0,1,5,
75,how to install docker on windows server 2012,10,0,9,8,
76,how to install docker toolbox on windows 10 home,10,0,1,5,
77,how to install docker toolbox on windows 10,10,0,1,5,
78,how to install docker on windows 8,10,0,1,5,
79,how to install docker in windows server 2016,10,0,1,5,
80,how to install docker windows 10 home,10,0,1,5,
81,how to install docker compose in ubuntu,10,0,1,5,
82,how to install docker windows server 2016,10,0,1,5,
83,how to install docker on ec2 linux instance,10,0,1,5,
84,how to install docker in windows 10 home,10,0,1,5,
85,how to install docker in windows 7 64 bit,10,0,1,5,
86,how to install docker on windows 10 pro,10,0,1,5,
87,how to install docker on rhel 7 step by step,10,0,1,5,
88,how to install docker in aws,10,0,1,5,
89,how to install docker on an unsupported synology nas,10,0,1,5,
90,how to install docker in windows 7,10,0,1,5,
91,how to install docker on centos 8,10,0,1,5,
92,how to install docker for windows 10,10,0,1,5,
93,how to install docker digitalocean,10,0,1,5,
94,how to install docker for ubuntu,10,0,1,5,
95,how to install docker on ec2 instance,10,0,2,6,
96,how to install docker in windows 10 pro,10,0,1,5,
97,how to install docker cli,10,0,1,82,
98,how to install docker in ubuntu 20,10,0,1,5,
99,how to install docker engine,10,0,1,5,
100,how to install docker hub,10,0,1,5,
101,how to install docker in rhel 7 step by step,10,0,1,5,
102,how to install docker for windows 10 home,10,0,1,5,
103,how to install docker on aws ec2,10,0,1,5,
104,how to install docker on mac os x,10,0,1,5,
105,how to install docker on redhat 7,10,0,2,6,
106,how to install docker on linux mint 20,10,0,1,5,
107,how to install docker ce on ubuntu,10,0,1,5,
108,how to install docker win 10,0,0,1,4,
109,how to install docker in windows 7 step by step,0,0,1,4,
110,how to install docker without sudo,0,0,1,4,
111,how to install docker without root,0,0,1,4,
112,how to install docker gui,0,0,1,4,
113,how to install docker in windows using cmd,0,0,1,4,
114,who how to install docker,0,0,1,4,
115,how to install docker 19,0,0,1,4,
116,how to install docker cli on windows,0,0,1,4,
117,how to install docker m1,0,0,1,4,
118,how to install docker on ubuntu focal,0,0,1,4,
119,how to install docker on jetson nano,0,0,1,4,
120,how to install docker and kubernetes on centos 8,0,0,1,4,
121,how to install docker build,0,0,1,4,
122,how to install docker windows 7,0,0,1,4,
123,how to install docker on my mac,0,0,1,4,
124,how to install docker ce on windows 10,0,0,1,4,
125,how to install docker manjaro,0,0,1,4,
126,how to install docker machine,0,0,1,4,
127,how to install docker fedora 31,0,0,1,4,
128,how to install docker ubuntu image,0,0,1,4,
129,how to install docker container from github,0,0,1,4,
130,how to install docker server on centos 7,0,0,1,4,
131,how to install docker for ubuntu 18,0,0,1,4,
132,how to install docker windows 2016,0,0,1,4,
133,how to install docker youtube,0,0,1,4,
134,how to install docker on windows virtual machine,0,0,1,4,
135,how to install docker locally,0,0,1,4,
136,how to install docker ce on windows server 2016,0,0,1,4,
137,ubuntu how to install docker ce,0,0,1,4,
138,how to install docker wordpress,0,0,1,4,
139,how to install docker on aws workspace,0,0,1,4,
140,how to install docker volume plugin,0,0,1,4,
141,how to install docker on centos 7 techmint,0,0,1,4,
142,how to install docker toolbox windows,0,0,1,4,
143,how to install docker redhat 8,0,0,1,4,
144,how to install docker and docker compose,0,0,1,4,
145,how to install docker on mac with brew,0,0,1,4,
146,how to install docker and docker compose on windows,0,0,1,4,
147,how to install docker on ubuntu terminal,0,0,1,4,
148,how to install docker in jenkins container,0,0,1,4,
149,what how to install docker,0,0,1,4,
150,how to install docker in aws windows,0,0,1,4,
151,how to install docker on windows server 2008 r2,0,0,1,4,
152,how to install docker from terminal,0,0,1,4,
153,how to install docker on windows powershell,0,0,1,4,
154,how to install docker on windows 32 bit,0,0,1,4,
155,how to install docker ce on windows 10 home,0,0,1,4,
156,how to install docker server 2016,0,0,1,4,
157,how to install docker ce on mac,0,0,1,4,
158,how to install docker machine in linux,0,0,1,4,
159,how to install docker without yum,0,0,1,4,
160,how to install docker on mac brew,0,0,1,4,
161,how to install docker on ubuntu bionic,0,0,1,4,
162,how to install docker on ubuntus,0,0,1,4,
163,how to install docker from tar file,0,0,1,4,
164,how to install docker nginx,0,0,1,4,
165,how to install docker on windows 10 using cmd,0,0,1,4,
166,how to install docker windows server,0,0,1,4,
167,how to install docker compose in ec2 instance,0,0,1,4,
168,how to install docker on oracle linux 8,0,0,1,4,
169,how to install docker in ubuntu wsl,0,0,1,4,
170,how to install docker desktop for ubuntu,0,0,1,4,
171,how to install docker swarm in linux,0,0,1,4,
172,how to install docker postgres,0,0,1,4,
173,how to install docker on rhel 8 beta,0,0,1,4,
174,linux how to install docker compose,0,0,1,4,
175,how to install docker in vs code,0,0,1,4,
176,how to install docker in aws ubuntu,0,0,1,4,
177,how to install docker aws linux,0,0,1,4,
178,how to install docker in ubuntu offline,0,0,1,4,
179,how to install docker in ubuntu docker container,0,0,1,4,
180,how to install docker on rhel 7 offline,0,0,1,4,
181,how to install docker from ubuntu,0,0,1,4,
182,centos 7 how to install docker,0,0,1,4,
183,how to install docker for debian,0,0,1,4,
184,how to install docker mysql,0,0,1,4,
185,how to install docker compose on aws linux,0,0,1,4,
186,how to install docker and docker compose on raspberry pi,0,0,1,4,
187,how to install docker on linux virtual machine,0,0,1,4,
188,how to install docker fedora,0,0,1,4,
189,how to install docker in mac os,0,0,1,4,
190,how to install docker on linux 8,0,0,1,4,
191,how to install docker and kubernetes on windows 10,0,0,1,4,
192,how to install docker using rpm,0,0,1,4,
193,how to install docker in ubuntu youtube,0,0,1,4,
194,how to install docker in visual studio 2019,0,0,1,4,
195,how to install docker 18,0,0,1,4,
196,how to install docker version 18,0,0,1,4,
197,how to install docker offline centos 7,0,0,1,4,
198,how to install docker in ubuntu server,0,0,1,4,
199,how to install docker on windows 10 youtube,0,0,1,4,
200,how to install docker amazon linux 2,0,0,1,4,
201,how to install docker on ubuntu stack overflow,0,0,1,4,
202,how to install docker and docker compose on windows 10,0,0,1,4,
203,how to install docker compose on windows server 2016,0,0,1,4,
204,how to install docker plugin in jenkins,0,0,1,4,
205,how to install docker red hat 7,0,0,1,4,
206,how to install docker compose rhel 7,0,0,1,4,
207,how to install docker compose on windows 7,0,0,1,4,
208,how to install docker on jetson tx2,0,0,1,4,
209,how to install docker in windows without admin rights,0,0,1,4,
210,how to install docker on windows 2016,0,0,1,4,
211,how to install docker kali,0,0,1,4,
212,how to install docker container in windows,0,0,1,4,
213,how to install docker mac m1,0,0,1,4,
214,how to install docker via terminal,0,0,1,4,
215,how to install docker with terraform,0,0,1,4,
216,how to install docker desktop on windows server 2012,0,0,1,4,
217,how to install docker on kali 2020,0,0,1,4,
218,how to install docker on ubuntu image,0,0,1,4,
219,how to install docker on linux yum,0,0,1,4,
220,how to install docker mcq,0,0,1,4,
221,how to install docker tensorflow,0,0,1,4,
222,how to install docker using terraform,0,0,1,4,
223,how to install docker in ubuntu edureka,0,0,1,4,
224,how to install docker in ubuntu 18,0,0,1,4,
225,how to install docker and kubernetes on linux,0,0,1,4,
226,how to install docker for mac os,0,0,1,4,
227,how to install docker on a mac,0,0,1,4,
228,how to install docker ubuntu terminal,0,0,1,4,
229,why how to install docker,0,0,1,4,
230,how to install docker in ubuntu terminal,0,0,1,4,
231,how to install docker linux mint 19,0,0,1,4,
232,how to install docker engine on redhat,0,0,1,4,
233,how to install docker via brew,0,0,1,4,
234,how to install docker compose on raspberry pi,0,0,1,4,
235,how to install docker mac terminal,0,0,1,4,
236,how to install docker from zip,0,0,1,4,
237,how to install docker engine on rhel 7,0,0,1,4,
238,how to install docker debian buster,0,0,1,4,
239,how to install docker on ubuntu ec2,0,0,1,4,
240,how to install docker without docker desktop,0,0,1,4,
241,how to install docker from rpm,0,0,1,4,
242,how to install docker ee on windows server 2016,0,0,1,4,
243,how to install docker 5,0,0,1,4,
244,how to install docker ec2,0,0,1,4,
245,how to install docker linux redhat,0,0,1,4,
246,how to install docker package in linux,0,0,1,4,
247,how to install docker for centos,0,0,1,4,
248,how to install docker in ubuntu ec2,0,0,1,4,
249,how to install docker python,0,0,1,4,
250,how to install docker inside jenkins container,0,0,1,4,
251,how to install docker and kubernetes,0,0,1,4,
252,tutorial how to install docker,0,0,1,4,
253,how to install docker jenkins,0,0,1,4,
254,how to install docker on fedora 33,0,0,1,4,
255,how to install docker rootless,0,0,1,4,
256,how to install docker desktop on windows 7,0,0,1,4,
257,how to install docker arch linux,0,0,1,4,
258,how to install docker command line ubuntu,0,0,1,4,
259,how to install docker powershell,0,0,1,4,
260,how to install docker for windows 8,0,0,1,4,
261,how to install docker on windows 2019,0,0,1,4,
262,how to install docker debian jessie,0,0,1,4,
263,how to install docker red hat,0,0,1,4,
264,how to install docker centos 6,0,0,1,4,
265,how to install docker desktop on windows 10 home,0,0,1,4,
266,how to install docker on ubuntu machine,0,0,1,4,
267,how to install docker using ansible playbook,0,0,1,4,
268,how to install docker registry on windows,0,0,1,4,
269,how to install docker registry on ubuntu,0,0,1,4,
270,are how to install docker,0,0,1,4,
271,how to install docker java,0,0,1,4,
272,how to install docker on linux centos 7,0,0,1,4,
273,how to install docker compose on debian 10,0,0,1,4,
274,how to install docker in ubuntu using dockerfile,0,0,1,4,
275,how to install docker with apt,0,0,1,4,
276,how to install docker engine in windows,0,0,1,4,
277,how to install docker in ubuntu desktop,0,0,1,4,
278,how often how to install docker,0,0,1,4,
279,will how to install docker,0,0,1,4,
280,how to install docker on suse linux enterprise server 12,0,0,1,4,
281,how to install docker daemon on windows,0,0,1,4,
282,how to install docker kitematic,0,0,1,4,
283,how to install docker on your raspberry pi,0,0,1,4,
284,how to install docker in ubuntu instance,0,0,1,4,
285,how to install docker compose on debian 9,0,0,1,4,
286,how to install docker cli on mac,0,0,1,4,
287,how to install docker kali linux,0,0,1,4,
288,how to install docker with ansible,0,0,1,4,
289,arch linux how to install docker,0,0,1,4,
290,how to install docker on ubuntu instance,0,0,1,4,
291,how to install docker portainer,0,0,1,4,
292,how to install docker plugin,0,0,1,4,
293,how to install docker on ubuntu offline,0,0,1,4,
294,how to install docker version,0,0,1,4,
295,how to install docker ce on windows 7,0,0,1,4,
296,how to install docker on ubuntu digitalocean,0,0,1,4,
297,how to install docker with rpm,0,0,1,4,
298,how to install docker to centos,0,0,1,4,
299,how to install docker with chocolatey,0,0,1,4,
300,how to install docker fedora 32,0,0,1,4,
301,raspberry pi how to install docker,0,0,1,4,
302,how to install docker rpi,0,0,1,4,
303,how to install docker bare metal,0,0,1,4,
304,how to install docker specific version,0,0,1,4,
305,how to install docker on raspberry pi 3,0,0,1,4,
306,how to install docker go,0,0,1,4,
307,how to install docker via powershell,0,0,1,4,
308,how to install docker compose ubuntu 18,0,0,1,4,
309,how to install docker on centos 7 digitalocean,0,0,1,4,
310,how to install docker on centos 7 offline,0,0,1,4,
311,how to install docker raspbian,0,0,1,4,
312,how to install docker on windows server 2016 offline,0,0,1,4,
313,how to install docker arch,0,0,1,4,
314,how to install docker on raspberry pi 4,0,0,1,4,
315,how to install docker and docker compose on centos 7,0,0,1,4,
316,how to install docker in windows step by step,0,0,1,4,
317,how to install docker engine on windows 10,0,0,1,4,
318,how to install docker on mac mojave,0,0,1,4,
319,wordpress how to install docker,0,0,1,4,
320,how to install docker cli on ubuntu,0,0,1,4,
321,how to install docker from cmd,0,0,1,4,
322,how to install docker edge,0,0,1,4,
323,how to install docker toolbox in windows,0,0,1,4,
324,how to install docker through putty,0,0,1,4,
325,macos how to install docker,0,0,1,4,
326,how to install docker in ubuntu aws,0,0,1,4,
327,how to install docker redhat 6,0,0,1,4,
328,how to install docker buildkit,0,0,1,4,
329,how to install docker as administrator,0,0,1,4,
330,how to install docker on yocto,0,0,1,4,
331,how to install docker community edition on windows 10,0,0,1,4,
332,how to install docker compose windows,0,0,1,4,
333,how to install docker container on windows 10,0,0,1,4,
334,how to install docker plugin in visual studio code,0,0,1,4,
335,how to install docker ce on rhel 8,0,0,1,4,
336,how to install docker compose mac,0,0,1,4,
337,how to install docker on windows ubuntu,0,0,1,4,
338,how to install docker on amazon ami,0,0,1,4,
339,how to install docker on windows server 2016 step by step,0,0,1,4,
340,how to install docker mint,0,0,1,4,
341,how to install docker on mac using terminal,0,0,1,4,
342,how to install docker on ubuntu 32 bit,0,0,1,4,
343,how to install docker enterprise edition,0,0,1,4,
344,how to install docker machine on ubuntu,0,0,1,4,
345,how to install docker image on azure,0,0,1,4,
346,how to install docker compose linux,0,0,1,4,
347,how to install docker and portainer,0,0,1,4,
348,how to install docker ee in ubuntu,0,0,1,4,
349,how to install docker ucp,0,0,1,4,
350,how to install docker using homebrew,0,0,1,4,
351,how to install docker on rhel 8,0,0,1,4,
352,how to install docker on mac catalina,0,0,1,4,
353,how to install docker on ubuntu 16,0,0,1,4,
354,how to install docker synology,0,0,1,4,
355,how to install docker api,0,0,1,4,
356,how to install docker on ubuntu wsl,0,0,1,4,
357,how to install docker python module,0,0,1,4,
358,how to install docker compose on raspbian,0,0,1,4,
359,how to install docker compose yum,0,0,1,4,
360,how to install docker in linux using yum,0,0,1,4,
361,how to install docker desktop on windows 10 pro,0,0,1,4,
362,how to install docker in mx linux,0,0,1,4,
363,how to install docker scan,0,0,1,4,
364,how to install docker wsl,0,0,1,4,
365,how to install docker compose in rhel 8,0,0,1,4,
366,how to install docker on ubuntu aws,0,0,1,4,
367,how to install docker repository,0,0,1,4,
368,how to install docker on mac command line,0,0,1,4,
369,how to install docker on macbook,0,0,1,4,
370,how to install docker image on mac,0,0,1,4,
371,how to install docker on jenkins server,0,0,1,4,
372,how to install docker on windows 10 64 bit,0,0,1,4,
373,how to install docker manually in ubuntu,0,0,1,4,
374,how to install docker stack overflow,0,0,1,4,
375,how to install docker for centos 7,0,0,1,4,
376,how to install docker ubuntu 18,0,0,1,4,
377,how to install docker ce,0,0,1,4,
378,how to install docker engine in ubuntu,0,0,1,4,
379,how to install docker swarm on centos,0,0,1,4,
380,how to install docker in azure cli,0,0,1,4,
381,how to install docker compose using yum,0,0,1,4,
382,how to install docker for business central,0,0,1,4,
383,how to install docker via pip,0,0,1,4,
384,how to install docker through ansible,0,0,1,4,
385,how to install docker on ubuntu on windows,0,0,1,4,
386,how to install docker golang,0,0,1,4,
387,how to install docker ce ubuntu,0,0,1,4,
388,how to install docker desktop on windows 10,0,0,1,4,
389,how to install docker on mac terminal,0,0,1,4,
390,how to install docker with brew,0,0,1,4,
391,how to install docker using pip,0,0,1,4,
392,how to install docker in aws cli,0,0,1,4,
393,how to install docker container windows,0,0,1,4,
394,how to install docker on macos using brew,0,0,1,4,
395,how to install docker kubernetes,0,0,1,4,
396,how to install docker compose on linux mint,0,0,1,4,
397,how to install docker hub in ubuntu,0,0,1,4,
398,how to install docker ee on rhel,0,0,1,4,
399,how to install docker on raspbian,0,0,1,4,
400,how to install docker swarm on linux,0,0,1,4,
401,how to install docker ee on ubuntu,0,0,1,4,
402,how to install docker with admin rights,0,0,1,4,
403,how to install docker on amazon linux 2,0,0,1,4,
404,how to install docker in centos 8,0,0,1,4,
405,how to install docker on windows home edition,0,0,1,4,
406,how to install docker engine on linux,0,0,1,4,
407,how to install docker rhel,0,0,1,4,
408,how to install docker on oracle linux 6,0,0,1,4,
409,how to install docker on windows 2016 server,0,0,1,4,
410,how to install docker in the ubuntu,0,0,1,4,
411,how to install docker in windows 10 enterprise,0,0,1,4,
412,how to install docker inside jenkins,0,0,1,4,
413,how to install docker step by step,0,0,1,4,
414,how to install docker for kali,0,0,1,4,
415,how to install docker wsl2,0,0,1,4,
416,how to install docker in linux 8,0,0,1,4,
417,how to install docker ee from a package repository,0,0,1,4,
418,how to install docker from github,0,0,1,4,
419,how to install docker mac brew,0,0,1,4,
420,how to install docker as non root,0,0,1,4,
421,how to install docker homebrew,0,0,1,4,
422,how to install docker using yum,0,0,1,4,
423,how to install docker omv 5,0,0,1,4,
424,how to install docker on debian 9 stretch,0,0,1,4,
425,how to install docker in ubuntu vm,0,0,1,4,
426,how to install docker for windows server 2016,0,0,1,4,
427,how to install docker on fedora 27,0,0,1,4,
428,how to install docker container in gns3,0,0,1,4,
429,how to install docker desktop in windows 10 home,0,0,1,4,
430,how to install docker on centos 8 step by step,0,0,1,4,
431,how to install docker using saltstack,0,0,1,4,
432,how to install docker compose on amazon linux 2,0,0,1,4,
433,how to install docker on rhel 6,0,0,1,4,
434,how to install docker on linux 7,0,0,1,4,
435,how to install docker lubuntu,0,0,1,4,
436,how to install docker to mac,0,0,1,4,
437,linux how to install docker,0,0,1,4,
438,how to install docker on mac using brew,0,0,1,4,
439,how to install docker ubuntu 16,0,0,1,4,
440,how to install docker amazon,0,0,1,4,
441,how to install docker command line,0,0,1,4,
442,how to install docker in ubuntu linux,0,0,1,4,
443,debian how to install docker,0,0,1,4,
444,how to install docker using shell script,0,0,1,4,
445,how to install docker binary,0,0,1,4,
446,how to install docker using brew,0,0,1,4,
447,how to install docker on ubuntu command line,0,0,1,4,
448,how to install docker on ubuntu 19,0,0,1,4,
449,how to install docker client on ubuntu,0,0,1,4,
450,how to install docker zsh,0,0,1,4,
451,how to install docker new,0,0,1,4,
452,how to install docker compose offline,0,0,1,4,
453,how to install docker composer,0,0,1,4,
454,how to install docker engine on centos 7,0,0,1,4,
455,how to install docker on linux ec2,0,0,1,4,
456,how to install docker from source,0,0,1,4,
457,how to install docker toolbox for windows,0,0,1,4,
458,how to install docker service,0,0,1,4,
459,how to install docker alpine,0,0,1,4,
