No,Keyword,Search Volume,CPC,Paid Difficulty,SEO Difficulty
1,black programmers,140,$0.13,7,70
2,black developer,140,$0.76,19,24
8,black developers,140,$0,3,78
11,black web developer,70,$7.40,51,38
13,black software developer,70,$25.25,31,70
20,black computer programmers,30,$0,31,78
21,black game developer fund,20,$0.47,9,75
23,developer entrepreneur camp for black developers,20,$0,1,79
24,black developers in atlanta,20,$7.33,17,64
26,black female programmers,10,$7.39,9,63
27,black box game developer,10,$0,1,5
28,apple black developer camp,10,$0,1,89
29,oracle sql developer black theme,10,$0,1,5
30,what volume developer to use on dark hair,10,$1.25,42,52
31,black friday web developer deals,10,$0,1,59
33,stuart black game developer,10,$0,1,83
34,black friday deals for programmers,10,$0,1,5
35,famous black computer programmers,10,$0,1,5
36,sql developer black theme,10,$0,1,5
37,famous black programmers,10,$0,1,13
38,black video game programmers,0,$0,1,4
39,black box programmers,0,$0,1,12
40,black eyelash tint and developer,0,$0,1,4
41,blonde to black hair developer,0,$0,1,4
42,black programmers group,0,$0,1,12
43,will 20 volume developer work on black hair,0,$0,1,4
44,carbon black developer api,0,$0,1,4
45,black hair dye 20 developer,0,$0,1,4
46,developer for black and white film,0,$0,1,4
47,black hat programmers,0,$0,1,12
48,is developing color film the same as black and white,0,$0,1,4
49,black programmers reddit,0,$0,1,12
50,blockchain developer,0,$0,1,17
51,20 developer black hair,320,$0.23,37,17
52,black+ developer,140,$0.76,19,24
53,black video game developer,110,$2.29,4,7
54,black app developer,50,$31.92,65,33
55,black ops developer,50,$0,1,13
56,black desert developer,40,$0,1,14
57,black and white developer chemicals,30,$0.47,100,36
58,black hair 30 volume developer,30,$0,95,34
59,black ops 3 developer,20,$0,1,5
60,how much developer to use with black hair dye,10,$3.54,6,7
61,web developer black friday,10,$0,1,5
62,developer black friday,10,$0,1,13
63,black end developer,10,$0,1,13
64,chrome black developer tools,10,$0,1,5
65,what happens if you dye your hair without developer,10,$0,1,5
66,black hair to blonde developer,10,$0,50,21
67,ilford film developer black and white,10,$2.02,100,36
68,black ops developer console,10,$0,1,5
69,dying hair black what developer,10,$0,1,5
70,does black hair dye need developer,10,$0,6,7
71,life of black tiger developer,10,$0,1,5
72,blacklist developer,10,$0,1,18
73,pl sql developer black theme,10,$0,1,5
74,black belt ios developer,10,$0,1,5
75,black ops 3 developer console,10,$0,1,5
76,blackrock java developer,10,$0,35,24
77,black box developer,10,$0,1,13
78,bizhub c458 black developer unit,10,$0,17,11
79,xerox black developer,10,$0,100,44
80,black friday developer deals,10,$0,1,5
81,mp c4503 black developer unit,10,$0,11,9
82,black mesa developer console,10,$0,1,5
83,developer black and white,10,$0,42,18
84,black developers in dc,10,$1.77,14,10
85,black matter game developer,10,$0,3,7
86,black oak developer,10,$0,1,13
87,what is the best developer for black hair,10,$0,51,21
88,black developer unit,10,$0,1,13
89,black myth developer,10,$0,1,13
90,black shark 3 developer mode,10,$0,1,5
91,alex black app developer,10,$0,40,18
92,black train developer,10,$0,1,13
93,black hair dye and developer,10,$0,100,36
94,intel black belt developer,10,$0,10,9
95,can i use 40 developer with black hair dye,10,$0,1,5
96,black ops 2 developer console,0,$0,1,4
97,black matter developer,0,$0,1,12
98,black book developer portal,0,$0,1,4
99,black mesa open developer console,0,$0,1,4
100,3555c black developer,0,$0,1,12
101,black belt software developer,0,$0,1,4
102,black ops 1 developer console,0,$0,1,4
103,black developer motor,0,$0,1,12
104,black hair dye no developer,0,$0,1,4
105,pl sql developer black background,0,$0,1,4
106,black dye developer,0,$0,1,12
107,twisted metal black developer plane crash,0,$0,1,4
108,developer type black,0,$0,1,12
109,developer lighten black hair,0,$0,1,4
110,black mesa developer console not working,0,$0,1,4
111,black creek developer,0,$0,1,12
112,black developer printer,0,$0,1,12
113,what volume developer to use when dying hair black,0,$0,1,4
114,google black developer program,0,$0,1,4
115,black belt developer,0,$0,1,12
116,black and white developer poster,0,$0,1,4
117,black shark 4 developer mode,0,$0,1,4
118,courtney black app developer,0,$0,1,4
119,black film developer,0,$0,1,12
120,oracle developer black theme,0,$0,1,4
121,black shark developer option,0,$0,1,4
122,black shark 2 developer option,0,$0,1,4
123,roger black developer,0,$0,1,12
124,20 vol developer black hair,0,$0,1,4
125,blacklisted developer malaysia,0,$0,1,12
126,brown to black hair developer,0,$0,1,4
127,black linux developer,0,$0,1,12
128,black box developer meaning,0,$0,1,4
129,black knight developer,0,$0,1,12
130,kallitype black developer,0,$0,1,12
131,black ops 1 developer,0,$0,1,4
132,black ops 3 developer console commands,0,$0,1,4
133,black owned website developer,0,$0,1,4
134,jet black dye developer,0,$0,1,4
135,how to lighten dark brown hair with developer,0,$0,1,4
136,black ops 3 enable developer console,0,$0,1,4
137,what level developer for black hair,0,$0,1,4
138,developer to black hair dye ratio,0,$0,1,4
139,black and white developer and fixer,0,$0,1,4
140,black developers network triboro,0,$0,1,4
141,black owned real estate developer,0,$0,1,4
142,black hat developer,0,$0,1,12
143,black swan developer,0,$0,1,12
144,blackrock developer jobs,0,$0,1,12
145,black developer sharp,0,$0,1,12
146,developer black ricoh,0,$0,1,12
147,developer or black hair,0,$0,1,4
148,developer for black hair color,0,$0,1,4
149,bizhub c454e black developer unit,0,$0,1,4
150,bizhub c554e black developer unit,0,$0,1,4
151,black ops 3 game developer,0,$0,1,4
152,black magic developer,0,$0,1,12
153,software developer black background,0,$0,1,4
154,black developer groups,0,$0,1,12
155,700d1 black developer unit,0,$0,1,4
156,black female app developer,0,$0,1,4
157,black mesa developer console commands,0,$0,1,4
158,jet black hair developer,0,$0,1,4
159,10 volume developer black hair,0,$0,1,4
160,black developer capital initiative,0,$0,1,4
161,black mesa can't open developer console,0,$0,1,4
162,black dye without developer,0,$0,1,4
163,what developer do i use for dark brown,0,$0,1,4
164,developer options black shark 4,0,$0,1,4
165,developer with black hair dye,0,$0,1,4
166,will hair dye still work without developer,0,$0,1,4
167,black developer plans nyc tower,0,$0,1,4
168,mp c3004 black developer unit,0,$0,1,4
169,black developer games,0,$0,1,12
170,what developer to use for black,0,$0,1,4
171,black developer hair,0,$0,1,12
172,black ops lead developer,0,$0,1,4
173,what developer do i use for black hair,0,$0,1,4
174,dying hair black without developer,0,$0,1,4
175,sql developer black background,0,$0,1,4
176,can i use 30 volume developer to dye my hair black,0,$0,1,4
177,lexmark black developer unit,0,$0,1,4
178,black mirror game developer episode,0,$0,1,4
179,carbon black developer network,0,$0,1,4
180,firefox developer black screen,0,$0,1,4
181,black screen sql developer,0,$0,1,4
182,black developer failure c8-5313,0,$0,1,4
183,dark brown to black developer,0,$0,1,4
184,what is black developer,0,$0,1,4
185,developer black hair shampoo,0,$0,1,4
186,can you use black hair dye without developer,0,$0,1,4
187,which black and white developer,0,$0,1,4
188,how much developer for black hair dye,0,$0,1,4
189,developer with black hair,0,$0,1,4
190,black brick developer,0,$0,1,12
191,black developers forum california,0,$0,1,4
192,black sheep developer,0,$0,1,12
193,black developer motor startup error,0,$0,1,4
194,mp c2004 black developer unit,0,$0,1,4
195,black hair with developer,0,$0,1,4
196,apple developer black friday,0,$0,1,4
197,blackstone developer,0,$0,1,17
198,black developer price,0,$0,1,12
199,black mesa enable developer console,0,$0,1,4
200,black developer failure,0,$0,1,12
201,developer for black and white prints,0,$0,1,4
202,black ops game developer,0,$0,1,4
203,black mesa developer commentary,0,$0,1,4
204,bizhub c258 black developer unit,0,$0,1,4
205,what volume developer to use with dark brown,0,$0,1,4
206,black developers forum,0,$0,1,12
